min_ttc,Agent1_S,Agent1_1_SA_EndSpeed,Agent1_1_TA_DynamicDuration,Agent1_1_SA_DynamicDuration,Ego_Speed
0.46774068175353734,0.0,0.0,5.0,0.5,40.0
0.306414198490931,0.0,0.0,5.0,0.5,40.0
0.6044794618712364,0.0,0.0,5.0,0.5,40.0
0.41441076263207377,10.0,0.0,5.0,0.5,40.0
0.054168080230963006,10.0,0.0,5.0,0.5,40.0
0.006722533764242584,10.0,0.0,5.0,0.5,40.0
0.9229626878382861,20.0,0.0,5.0,0.5,40.0
0.319331122664341,20.0,0.0,5.0,0.5,40.0
0.00869149873922261,20.0,0.0,5.0,0.5,40.0
