min_ttc,Agent1_S,Agent1_1_SA_EndSpeed,Agent1_1_TA_DynamicDuration,Agent1_1_SA_DynamicDuration,Ego_Speed
0.3582084893675298,0.0,0.0,5.0,0.5,40.0
0.3899240657195183,0.0,0.0,5.0,0.5,40.0
1.2457498026679878,0.0,0.0,5.0,0.5,40.0
0.3582084893675298,10.0,0.0,5.0,0.5,40.0
0.3899240657195183,10.0,0.0,5.0,0.5,40.0
1.2457498026679878,10.0,0.0,5.0,0.5,40.0
0.3582084893675298,20.0,0.0,5.0,0.5,40.0
0.3899240657195183,20.0,0.0,5.0,0.5,40.0
1.2457498026679878,20.0,0.0,5.0,0.5,40.0
