min_ttc,Agent1_S,Agent1_1_SA_EndSpeed,Agent1_1_TA_DynamicDuration,Agent1_1_SA_DynamicDuration,Ego_Speed
0.8348463822718115,0.0,0.0,5.0,0.5,40.0
0.23681770264024737,0.0,0.0,5.0,0.5,40.0
0.15220229323640422,0.0,0.0,5.0,0.5,40.0
0.061412576560535705,10.0,0.0,5.0,0.5,40.0
0.7024031024863743,10.0,0.0,5.0,0.5,40.0
1.5354402720698441,10.0,0.0,5.0,0.5,40.0
0.2835266306490168,20.0,0.0,5.0,0.5,40.0
0.03430455596289714,20.0,0.0,5.0,0.5,40.0
0.6722949729967715,20.0,0.0,5.0,0.5,40.0
