min_ttc,Agent1_S,Agent1_1_SA_EndSpeed,Agent1_1_TA_DynamicDuration,Agent1_1_SA_DynamicDuration,Ego_Speed
0.3599912700021898,0.0,0.0,5.0,0.5,40.0
0.8989850710782422,0.0,0.0,5.0,0.5,40.0
1.7166288344348364,0.0,0.0,5.0,0.5,40.0
0.3599912700021898,10.0,0.0,5.0,0.5,40.0
0.8989850710782422,10.0,0.0,5.0,0.5,40.0
1.7166288344348364,10.0,0.0,5.0,0.5,40.0
0.3599912700021898,20.0,0.0,5.0,0.5,40.0
0.8989850710782422,20.0,0.0,5.0,0.5,40.0
1.0587018780307103,20.0,0.0,5.0,0.5,40.0
