min_ttc,Agent1_S,Agent1_1_SA_EndSpeed,Agent1_1_TA_DynamicDuration,Agent1_1_SA_DynamicDuration,Ego_Speed
0.022931789823007732,0.0,0.0,5.0,0.5,40.0
0.5931364994019249,0.0,0.0,5.0,0.5,40.0
1.4362546638979365,0.0,0.0,5.0,0.5,40.0
0.022931789823007732,10.0,0.0,5.0,0.5,40.0
0.5931364994019249,10.0,0.0,5.0,0.5,40.0
1.4362546638979365,10.0,0.0,5.0,0.5,40.0
0.022931789823007732,20.0,0.0,5.0,0.5,40.0
0.5931364994019249,20.0,0.0,5.0,0.5,40.0
1.0586765005177654,20.0,0.0,5.0,0.5,40.0
