min_ttc,Agent1_S,Agent1_1_SA_EndSpeed,Agent1_1_TA_DynamicDuration,Agent1_1_SA_DynamicDuration,Ego_Speed
0.24043074885804377,0.0,0.0,5.0,0.5,40.0
0.18781345487845785,0.0,0.0,5.0,0.5,40.0
0.1368721849790483,0.0,0.0,5.0,0.5,40.0
0.24043074885804377,10.0,0.0,5.0,0.5,40.0
0.18781345487845785,10.0,0.0,5.0,0.5,40.0
0.1368721849790483,10.0,0.0,5.0,0.5,40.0
0.24043074885804377,20.0,0.0,5.0,0.5,40.0
0.18781345487845785,20.0,0.0,5.0,0.5,40.0
0.1368721849790483,20.0,0.0,5.0,0.5,40.0
