min_ttc,Agent1_S,Agent1_1_SA_EndSpeed,Agent1_1_TA_DynamicDuration,Agent1_1_SA_DynamicDuration,Ego_Speed
0.13500039795495353,0.0,0.0,5.0,0.5,40.0
2.190279651883982,0.0,0.0,5.0,0.5,40.0
0.30786785808689293,0.0,0.0,5.0,0.5,40.0
0.13500272572764851,10.0,0.0,5.0,0.5,40.0
0.13531243357697537,10.0,0.0,5.0,0.5,40.0
0.13699529745306196,10.0,0.0,5.0,0.5,40.0
0.13501997082740497,20.0,0.0,5.0,0.5,40.0
0.135293222459844,20.0,0.0,5.0,0.5,40.0
0.13678410277087133,20.0,0.0,5.0,0.5,40.0
