min_ttc,Agent1_S,Agent1_1_SA_EndSpeed,Agent1_1_TA_DynamicDuration,Agent1_1_SA_DynamicDuration,Ego_Speed
0.23958774847873876,0.0,0.0,5.0,0.5,40.0
0.37828804136477107,0.0,0.0,5.0,0.5,40.0
0.7089280170522296,0.0,0.0,5.0,0.5,40.0
0.23958774847873876,10.0,0.0,5.0,0.5,40.0
0.37828804136477107,10.0,0.0,5.0,0.5,40.0
0.7089280170522296,10.0,0.0,5.0,0.5,40.0
0.23958774847873876,20.0,0.0,5.0,0.5,40.0
0.37828804136477107,20.0,0.0,5.0,0.5,40.0
0.7089280170522296,20.0,0.0,5.0,0.5,40.0
