min_ttc,Agent1_S,Agent1_1_SA_EndSpeed,Agent1_1_TA_DynamicDuration,Agent1_1_SA_DynamicDuration,Ego_Speed
0.07337634120686694,0.0,0.0,5.0,0.5,40.0
0.5341448949801397,0.0,0.0,5.0,0.5,40.0
1.3747946135726679,0.0,0.0,5.0,0.5,40.0
0.07337634120686694,10.0,0.0,5.0,0.5,40.0
0.5341448949801397,10.0,0.0,5.0,0.5,40.0
1.3747946135726679,10.0,0.0,5.0,0.5,40.0
0.07337634120686694,20.0,0.0,5.0,0.5,40.0
0.5341448949801397,20.0,0.0,5.0,0.5,40.0
1.0818003243762626,20.0,0.0,5.0,0.5,40.0
