min_ttc,Agent1_S,Agent1_1_SA_EndSpeed,Agent1_1_TA_DynamicDuration,Agent1_1_SA_DynamicDuration,Ego_Speed
0.14998695947139498,0.0,0.0,5.0,0.5,40.0
0.4634147692110472,0.0,0.0,5.0,0.5,40.0
1.301471703631333,0.0,0.0,5.0,0.5,40.0
0.14998695947139498,10.0,0.0,5.0,0.5,40.0
0.4634147692110472,10.0,0.0,5.0,0.5,40.0
1.301471703631333,10.0,0.0,5.0,0.5,40.0
0.14998695947139498,20.0,0.0,5.0,0.5,40.0
0.4634147692110472,20.0,0.0,5.0,0.5,40.0
1.1219688336721407,20.0,0.0,5.0,0.5,40.0
