min_ttc,Agent1_S,Agent1_1_SA_EndSpeed,Agent1_1_TA_DynamicDuration,Agent1_1_SA_DynamicDuration,Ego_Speed
0.027864069441586353,0.0,0.0,5.0,0.5,40.0
0.6177619748973802,0.0,0.0,5.0,0.5,40.0
1.4128328963719188,0.0,0.0,5.0,0.5,40.0
0.027864069441586353,10.0,0.0,5.0,0.5,40.0
0.6177619748973802,10.0,0.0,5.0,0.5,40.0
1.4128328963719188,10.0,0.0,5.0,0.5,40.0
0.027864069441586353,20.0,0.0,5.0,0.5,40.0
0.6177619748973802,20.0,0.0,5.0,0.5,40.0
1.1217105150402018,20.0,0.0,5.0,0.5,40.0
