min_ttc,Agent1_S,Agent1_1_SA_EndSpeed,Agent1_1_TA_DynamicDuration,Agent1_1_SA_DynamicDuration,Ego_Speed
1.877253674667616,0.0,0.0,5.0,0.5,40.0
2.64897170090951,0.0,0.0,5.0,0.5,40.0
0.5610111787822223,0.0,0.0,5.0,0.5,40.0
0.25860163172081224,10.0,0.0,5.0,0.5,40.0
0.22554839660889697,10.0,0.0,5.0,0.5,40.0
0.17246265783085749,10.0,0.0,5.0,0.5,40.0
0.2584934318633854,20.0,0.0,5.0,0.5,40.0
0.2163554257002881,20.0,0.0,5.0,0.5,40.0
0.16418954585976758,20.0,0.0,5.0,0.5,40.0
