min_ttc,Agent1_S,Agent1_1_SA_EndSpeed,Agent1_1_TA_DynamicDuration,Agent1_1_SA_DynamicDuration,Ego_Speed
0.17207437379820834,0.0,0.0,5.0,0.5,40.0
0.231355482111231,0.0,0.0,5.0,0.5,40.0
2.102679515247605,0.0,0.0,5.0,0.5,40.0
0.5768380005870372,10.0,0.0,5.0,0.5,40.0
0.40716752627800334,10.0,0.0,5.0,0.5,40.0
0.4167057251835689,10.0,0.0,5.0,0.5,40.0
1.323472748994106,20.0,0.0,5.0,0.5,40.0
0.6543954506524042,20.0,0.0,5.0,0.5,40.0
0.4069930072020041,20.0,0.0,5.0,0.5,40.0
