min_ttc,Agent1_S,Agent1_1_SA_EndSpeed,Agent1_1_TA_DynamicDuration,Agent1_1_SA_DynamicDuration,Ego_Speed
0.1317154420005532,0.0,0.0,5.0,0.5,40.0
0.7087549322320192,0.0,0.0,5.0,0.5,40.0
1.555418480585802,0.0,0.0,5.0,0.5,40.0
0.1317154420005532,10.0,0.0,5.0,0.5,40.0
0.7087549322320192,10.0,0.0,5.0,0.5,40.0
1.555418480585802,10.0,0.0,5.0,0.5,40.0
0.1317154420005532,20.0,0.0,5.0,0.5,40.0
0.7087549322320192,20.0,0.0,5.0,0.5,40.0
1.0586089883233618,20.0,0.0,5.0,0.5,40.0
