min_ttc,Agent1_S,Agent1_1_SA_EndSpeed,Agent1_1_TA_DynamicDuration,Agent1_1_SA_DynamicDuration,Ego_Speed
1.4806079616317194,0.0,0.0,5.0,0.5,40.0
2.246944081607312,0.0,0.0,5.0,0.5,40.0
0.4995716688474847,0.0,0.0,5.0,0.5,40.0
0.22238024245015434,10.0,0.0,5.0,0.5,40.0
0.8530098198735077,10.0,0.0,5.0,0.5,40.0
0.08333648509165416,10.0,0.0,5.0,0.5,40.0
0.1231782241758553,20.0,0.0,5.0,0.5,40.0
0.10219932237431367,20.0,0.0,5.0,0.5,40.0
0.86480805665069,20.0,0.0,5.0,0.5,40.0
