min_ttc,Agent1_S,Agent1_1_SA_EndSpeed,Agent1_1_TA_DynamicDuration,Agent1_1_SA_DynamicDuration,Ego_Speed
0.41202354986360845,0.0,0.0,5.0,0.5,40.0
2.2436790002701716,0.0,0.0,5.0,0.5,40.0
2.861040048226814,0.0,0.0,5.0,0.5,40.0
0.16703640302721917,10.0,0.0,5.0,0.5,40.0
0.8066960941254822,10.0,0.0,5.0,0.5,40.0
1.6492916314993893,10.0,0.0,5.0,0.5,40.0
0.1934282426172601,20.0,0.0,5.0,0.5,40.0
0.09273629479107115,20.0,0.0,5.0,0.5,40.0
0.8036611740086549,20.0,0.0,5.0,0.5,40.0
