min_ttc,Agent1_S,Agent1_1_SA_EndSpeed,Agent1_1_TA_DynamicDuration,Agent1_1_SA_DynamicDuration,Ego_Speed
0.1350512964291249,0.0,0.0,5.0,0.5,40.0
0.1351548883102839,0.0,0.0,5.0,0.5,40.0
2.6327630346815383,0.0,0.0,5.0,0.5,40.0
0.1350729452282046,10.0,0.0,5.0,0.5,40.0
0.13510194537686662,10.0,0.0,5.0,0.5,40.0
0.13718342950779158,10.0,0.0,5.0,0.5,40.0
0.13502107485665277,20.0,0.0,5.0,0.5,40.0
0.13512567516090493,20.0,0.0,5.0,0.5,40.0
0.13713003957938022,20.0,0.0,5.0,0.5,40.0
