min_ttc,Agent1_S,Agent1_1_SA_EndSpeed,Agent1_1_TA_DynamicDuration,Agent1_1_SA_DynamicDuration,Ego_Speed
0.15323413732449553,0.0,0.0,5.0,0.5,40.0
0.19514372734488808,0.0,0.0,5.0,0.5,40.0
0.14138757166713622,0.0,0.0,5.0,0.5,40.0
0.15323413732449553,10.0,0.0,5.0,0.5,40.0
0.19514372734488808,10.0,0.0,5.0,0.5,40.0
0.14138757166713622,10.0,0.0,5.0,0.5,40.0
0.15323413732449553,20.0,0.0,5.0,0.5,40.0
0.19514372734488808,20.0,0.0,5.0,0.5,40.0
0.14138757166713622,20.0,0.0,5.0,0.5,40.0
