min_ttc,Agent1_S,Agent1_1_SA_EndSpeed,Agent1_1_TA_DynamicDuration,Agent1_1_SA_DynamicDuration,Ego_Speed
0.19719531270573734,0.0,0.0,5.0,0.5,40.0
0.763313361359907,0.0,0.0,5.0,0.5,40.0
1.5689164807455511,0.0,0.0,5.0,0.5,40.0
0.19719531270573734,10.0,0.0,5.0,0.5,40.0
0.763313361359907,10.0,0.0,5.0,0.5,40.0
1.5689164807455511,10.0,0.0,5.0,0.5,40.0
0.19719531270573734,20.0,0.0,5.0,0.5,40.0
0.763313361359907,20.0,0.0,5.0,0.5,40.0
1.0585835023367702,20.0,0.0,5.0,0.5,40.0
