min_ttc,Agent1_S,Agent1_1_SA_EndSpeed,Agent1_1_TA_DynamicDuration,Agent1_1_SA_DynamicDuration,Ego_Speed
0.08196651993150766,0.0,0.0,5.0,0.5,40.0
0.197944101053171,0.0,0.0,5.0,0.5,40.0
0.14271523483044157,0.0,0.0,5.0,0.5,40.0
0.08196651993150766,10.0,0.0,5.0,0.5,40.0
0.197944101053171,10.0,0.0,5.0,0.5,40.0
0.14271523483044157,10.0,0.0,5.0,0.5,40.0
0.08196651993150766,20.0,0.0,5.0,0.5,40.0
0.197944101053171,20.0,0.0,5.0,0.5,40.0
0.14271523483044157,20.0,0.0,5.0,0.5,40.0
