min_ttc,Agent1_S,Agent1_1_SA_EndSpeed,Agent1_1_TA_DynamicDuration,Agent1_1_SA_DynamicDuration,Ego_Speed
0.54023526278817,0.0,0.0,5.0,0.5,40.0
0.5420217104372437,0.0,0.0,5.0,0.5,40.0
0.6050086774800054,0.0,0.0,5.0,0.5,40.0
0.32425076317346724,10.0,0.0,5.0,0.5,40.0
0.29826986448868853,10.0,0.0,5.0,0.5,40.0
0.20543809887400505,10.0,0.0,5.0,0.5,40.0
0.3248093473845841,20.0,0.0,5.0,0.5,40.0
0.2932195428986467,20.0,0.0,5.0,0.5,40.0
0.2291329612266053,20.0,0.0,5.0,0.5,40.0
