min_ttc,Agent1_S,Agent1_1_SA_EndSpeed,Agent1_1_TA_DynamicDuration,Agent1_1_SA_DynamicDuration,Ego_Speed
0.47357427656715156,0.0,0.0,5.0,0.5,40.0
0.27447152067879327,0.0,0.0,5.0,0.5,40.0
1.1298314413347903,0.0,0.0,5.0,0.5,40.0
0.47357427656715156,10.0,0.0,5.0,0.5,40.0
0.27447152067879327,10.0,0.0,5.0,0.5,40.0
1.1298314413347903,10.0,0.0,5.0,0.5,40.0
0.47357427656715156,20.0,0.0,5.0,0.5,40.0
0.27447152067879327,20.0,0.0,5.0,0.5,40.0
1.1298314413347903,20.0,0.0,5.0,0.5,40.0
