min_ttc,Agent1_S,Agent1_1_SA_EndSpeed,Agent1_1_TA_DynamicDuration,Agent1_1_SA_DynamicDuration,Ego_Speed
0.06445543879226126,0.0,0.0,5.0,0.5,40.0
0.8848732062785213,0.0,0.0,5.0,0.5,40.0
2.7108262101156386,0.0,0.0,5.0,0.5,40.0
0.06447620045949884,10.0,0.0,5.0,0.5,40.0
0.9896900267899342,10.0,0.0,5.0,0.5,40.0
0.041593778434734496,10.0,0.0,5.0,0.5,40.0
0.06036589236191851,20.0,0.0,5.0,0.5,40.0
0.24688580123545795,20.0,0.0,5.0,0.5,40.0
0.041745208510067036,20.0,0.0,5.0,0.5,40.0
