min_ttc,Agent1_S,Agent1_1_SA_EndSpeed,Agent1_1_TA_DynamicDuration,Agent1_1_SA_DynamicDuration,Ego_Speed
0.19405334705869687,0.0,0.0,5.0,0.5,40.0
0.1935161957345711,0.0,0.0,5.0,0.5,40.0
0.13880477800490496,0.0,0.0,5.0,0.5,40.0
0.19405334705869687,10.0,0.0,5.0,0.5,40.0
0.1935161957345711,10.0,0.0,5.0,0.5,40.0
0.13880477800490496,10.0,0.0,5.0,0.5,40.0
0.19405334705869687,20.0,0.0,5.0,0.5,40.0
0.1935161957345711,20.0,0.0,5.0,0.5,40.0
0.13880477800490496,20.0,0.0,5.0,0.5,40.0
