min_ttc,Agent1_S,Agent1_1_SA_EndSpeed,Agent1_1_TA_DynamicDuration,Agent1_1_SA_DynamicDuration,Ego_Speed
0.4073948736135612,0.0,0.0,5.0,0.5,40.0
0.231355482111231,0.0,0.0,5.0,0.5,40.0
1.0740723979117193,0.0,0.0,5.0,0.5,40.0
0.45500083942786956,10.0,0.0,5.0,0.5,40.0
0.10727788093362847,10.0,0.0,5.0,0.5,40.0
0.20043882193316284,10.0,0.0,5.0,0.5,40.0
1.3228185558049685,20.0,0.0,5.0,0.5,40.0
0.5849002375415051,20.0,0.0,5.0,0.5,40.0
0.08773087393653015,20.0,0.0,5.0,0.5,40.0
