min_ttc,Agent1_S,Agent1_1_SA_EndSpeed,Agent1_1_TA_DynamicDuration,Agent1_1_SA_DynamicDuration,Ego_Speed
0.11905236309616564,0.0,0.0,5.0,0.5,40.0
0.6958817188534157,0.0,0.0,5.0,0.5,40.0
1.4964012393687307,0.0,0.0,5.0,0.5,40.0
0.11905236309616564,10.0,0.0,5.0,0.5,40.0
0.6958817188534157,10.0,0.0,5.0,0.5,40.0
1.4964012393687307,10.0,0.0,5.0,0.5,40.0
0.11905236309616564,20.0,0.0,5.0,0.5,40.0
0.6958817188534157,20.0,0.0,5.0,0.5,40.0
1.081623522571907,20.0,0.0,5.0,0.5,40.0
