min_ttc,Agent1_S,Agent1_1_SA_EndSpeed,Agent1_1_TA_DynamicDuration,Agent1_1_SA_DynamicDuration,Ego_Speed
0.0023393157792190775,0.0,0.0,5.0,0.5,40.0
2.0023650777156274,0.0,0.0,5.0,0.5,40.0
2.8500141159241017,0.0,0.0,5.0,0.5,40.0
0.3600916070661177,10.0,0.0,5.0,0.5,40.0
1.083965519971658,10.0,0.0,5.0,0.5,40.0
1.9500069753976117,10.0,0.0,5.0,0.5,40.0
0.0023050370467040705,20.0,0.0,5.0,0.5,40.0
0.24934924295869018,20.0,0.0,5.0,0.5,40.0
1.049999901929425,20.0,0.0,5.0,0.5,40.0
