min_ttc,Agent1_S,Agent1_1_SA_EndSpeed,Agent1_1_TA_DynamicDuration,Agent1_1_SA_DynamicDuration,Ego_Speed
1.2224525263056074,0.0,0.0,5.0,0.5,40.0
1.9767222871397894,0.0,0.0,5.0,0.5,40.0
2.8471583664253086,0.0,0.0,5.0,0.5,40.0
0.39792668927510805,10.0,0.0,5.0,0.5,40.0
1.0842109002656375,10.0,0.0,5.0,0.5,40.0
1.948983469274715,10.0,0.0,5.0,0.5,40.0
0.0018948948634481004,20.0,0.0,5.0,0.5,40.0
0.2919200957872993,20.0,0.0,5.0,0.5,40.0
1.0499999903157073,20.0,0.0,5.0,0.5,40.0
