min_ttc,Agent1_S,Agent1_1_SA_EndSpeed,Agent1_1_TA_DynamicDuration,Agent1_1_SA_DynamicDuration,Ego_Speed
0.002291644777166699,0.0,0.0,5.0,0.5,40.0
0.0071764475729857394,0.0,0.0,5.0,0.5,40.0
0.2761852982618431,0.0,0.0,5.0,0.5,40.0
0.39792668927510805,10.0,0.0,5.0,0.5,40.0
1.0842109002656375,10.0,0.0,5.0,0.5,40.0
1.948983469274715,10.0,0.0,5.0,0.5,40.0
0.0023347761637795904,20.0,0.0,5.0,0.5,40.0
0.0073788655582071325,20.0,0.0,5.0,0.5,40.0
0.023965726388690847,20.0,0.0,5.0,0.5,40.0
