min_ttc,Agent1_S,Agent1_1_SA_EndSpeed,Agent1_1_TA_DynamicDuration,Agent1_1_SA_DynamicDuration,Ego_Speed
0.002291644777166699,0.0,0.0,5.0,0.5,40.0
0.0071764475729857394,0.0,0.0,5.0,0.5,40.0
2.8471583664253086,0.0,0.0,5.0,0.5,40.0
0.0023403011365500386,10.0,0.0,5.0,0.5,40.0
0.007197825013098428,10.0,0.0,5.0,0.5,40.0
0.02386612740513749,10.0,0.0,5.0,0.5,40.0
0.0023347761637795904,20.0,0.0,5.0,0.5,40.0
0.0073788655582071325,20.0,0.0,5.0,0.5,40.0
0.023965726388690847,20.0,0.0,5.0,0.5,40.0
