min_ttc,Agent1_S,Agent1_1_SA_EndSpeed,Agent1_1_TA_DynamicDuration,Agent1_1_SA_DynamicDuration,Ego_Speed
1.4645680909784755,0.0,0.0,5.0,0.5,40.0
0.0566430433068746,0.0,0.0,5.0,0.5,40.0
0.05001647001072956,0.0,0.0,5.0,0.5,40.0
0.45899430352831294,10.0,0.0,5.0,0.5,40.0
0.24837103290802165,10.0,0.0,5.0,0.5,40.0
0.280724084237295,10.0,0.0,5.0,0.5,40.0
0.20177572823009965,20.0,0.0,5.0,0.5,40.0
0.23874081623559623,20.0,0.0,5.0,0.5,40.0
0.2774462920163988,20.0,0.0,5.0,0.5,40.0
