min_ttc,Agent1_S,Agent1_1_SA_EndSpeed,Agent1_1_TA_DynamicDuration,Agent1_1_SA_DynamicDuration,Ego_Speed
0.35112364280531383,0.0,0.0,5.0,0.5,40.0
0.16931904861987154,0.0,0.0,5.0,0.5,40.0
0.16679065752212335,0.0,0.0,5.0,0.5,40.0
0.35112364280531383,10.0,0.0,5.0,0.5,40.0
0.16931904861987154,10.0,0.0,5.0,0.5,40.0
0.16679065752212335,10.0,0.0,5.0,0.5,40.0
0.35112364280531383,20.0,0.0,5.0,0.5,40.0
0.16931904861987154,20.0,0.0,5.0,0.5,40.0
0.16679065752212335,20.0,0.0,5.0,0.5,40.0
