min_ttc,Agent1_S,Agent1_1_SA_EndSpeed,Agent1_1_TA_DynamicDuration,Agent1_1_SA_DynamicDuration,Ego_Speed
0.33069862409022216,0.0,0.0,5.0,0.5,40.0
0.16997532417054148,0.0,0.0,5.0,0.5,40.0
0.18309150926353554,0.0,0.0,5.0,0.5,40.0
0.33069862409022216,10.0,0.0,5.0,0.5,40.0
0.16997532417054148,10.0,0.0,5.0,0.5,40.0
0.18309150926353554,10.0,0.0,5.0,0.5,40.0
0.33069862409022216,20.0,0.0,5.0,0.5,40.0
0.16997532417054148,20.0,0.0,5.0,0.5,40.0
0.18309150926353554,20.0,0.0,5.0,0.5,40.0
