min_ttc,Agent1_S,Agent1_1_SA_EndSpeed,Agent1_1_TA_DynamicDuration,Agent1_1_SA_DynamicDuration,Ego_Speed
0.34073874587109354,0.0,0.0,5.0,0.5,40.0
0.22616513981078432,0.0,0.0,5.0,0.5,40.0
0.5238843280261177,0.0,0.0,5.0,0.5,40.0
0.34073874587109354,10.0,0.0,5.0,0.5,40.0
0.22616513981078432,10.0,0.0,5.0,0.5,40.0
0.5238843280261177,10.0,0.0,5.0,0.5,40.0
0.34073874587109354,20.0,0.0,5.0,0.5,40.0
0.22616513981078432,20.0,0.0,5.0,0.5,40.0
0.5238843280261177,20.0,0.0,5.0,0.5,40.0
