min_ttc,Agent1_S,Agent1_1_SA_EndSpeed,Agent1_1_TA_DynamicDuration,Agent1_1_SA_DynamicDuration,Ego_Speed
0.4973637308687913,0.0,0.0,5.0,0.5,40.0
0.27995903736782185,0.0,0.0,5.0,0.5,40.0
0.1082701410550534,0.0,0.0,5.0,0.5,40.0
0.4973637308687913,10.0,0.0,5.0,0.5,40.0
0.27995903736782185,10.0,0.0,5.0,0.5,40.0
0.1082701410550534,10.0,0.0,5.0,0.5,40.0
0.4973637308687913,20.0,0.0,5.0,0.5,40.0
0.27995903736782185,20.0,0.0,5.0,0.5,40.0
0.1082701410550534,20.0,0.0,5.0,0.5,40.0
