min_ttc,Agent1_S,Agent1_1_SA_EndSpeed,Agent1_1_TA_DynamicDuration,Agent1_1_SA_DynamicDuration,Ego_Speed
0.629927647607049,0.0,0.0,5.0,0.5,40.0
0.397178817743211,0.0,0.0,5.0,0.5,40.0
0.04472744138508373,0.0,0.0,5.0,0.5,40.0
0.629927647607049,10.0,0.0,5.0,0.5,40.0
0.397178817743211,10.0,0.0,5.0,0.5,40.0
0.04472744138508373,10.0,0.0,5.0,0.5,40.0
0.629927647607049,20.0,0.0,5.0,0.5,40.0
0.397178817743211,20.0,0.0,5.0,0.5,40.0
0.04472744138508373,20.0,0.0,5.0,0.5,40.0
