min_ttc,Agent1_S,Agent1_1_SA_EndSpeed,Agent1_1_TA_DynamicDuration,Agent1_1_SA_DynamicDuration,Ego_Speed
0.4052331255045392,0.0,0.0,5.0,0.5,40.0
2.4048604253446957,0.0,0.0,5.0,0.5,40.0
0.48911951737692405,0.0,0.0,5.0,0.5,40.0
0.11746819393588792,10.0,0.0,5.0,0.5,40.0
0.16768378507442308,10.0,0.0,5.0,0.5,40.0
0.12823904634277122,10.0,0.0,5.0,0.5,40.0
0.18869924427496232,20.0,0.0,5.0,0.5,40.0
0.07583655796770909,20.0,0.0,5.0,0.5,40.0
0.7332730089365896,20.0,0.0,5.0,0.5,40.0
