min_ttc,Agent1_S,Agent1_1_SA_EndSpeed,Agent1_1_TA_DynamicDuration,Agent1_1_SA_DynamicDuration,Ego_Speed
0.5887280579282446,0.0,0.0,5.0,0.5,40.0
0.27006244290323594,0.0,0.0,5.0,0.5,40.0
0.2373392966449217,0.0,0.0,5.0,0.5,40.0
0.5887280579282446,10.0,0.0,5.0,0.5,40.0
0.27006244290323594,10.0,0.0,5.0,0.5,40.0
0.2373392966449217,10.0,0.0,5.0,0.5,40.0
0.5887280579282446,20.0,0.0,5.0,0.5,40.0
0.27006244290323594,20.0,0.0,5.0,0.5,40.0
0.2373392966449217,20.0,0.0,5.0,0.5,40.0
