min_ttc,Agent1_S,Agent1_1_SA_EndSpeed,Agent1_1_TA_DynamicDuration,Agent1_1_SA_DynamicDuration,Ego_Speed
0.5974014048923019,0.0,0.0,5.0,0.5,40.0
0.3111205526984232,0.0,0.0,5.0,0.5,40.0
0.15348020411856067,0.0,0.0,5.0,0.5,40.0
0.5974014048923019,10.0,0.0,5.0,0.5,40.0
0.3111205526984232,10.0,0.0,5.0,0.5,40.0
0.15348020411856067,10.0,0.0,5.0,0.5,40.0
0.5974014048923019,20.0,0.0,5.0,0.5,40.0
0.3111205526984232,20.0,0.0,5.0,0.5,40.0
0.15348020411856067,20.0,0.0,5.0,0.5,40.0
