min_ttc,Agent1_S,Agent1_1_SA_EndSpeed,Agent1_1_TA_DynamicDuration,Agent1_1_SA_DynamicDuration,Ego_Speed
0.2846141842630501,0.0,0.0,5.0,0.5,40.0
0.08694549197204343,0.0,0.0,5.0,0.5,40.0
0.2803543489643194,0.0,0.0,5.0,0.5,40.0
0.2846141842630501,10.0,0.0,5.0,0.5,40.0
0.08694549197204343,10.0,0.0,5.0,0.5,40.0
0.2803543489643194,10.0,0.0,5.0,0.5,40.0
0.2846141842630501,20.0,0.0,5.0,0.5,40.0
0.08694549197204343,20.0,0.0,5.0,0.5,40.0
0.2803543489643194,20.0,0.0,5.0,0.5,40.0
