min_ttc,Agent1_S,Agent1_1_SA_EndSpeed,Agent1_1_TA_DynamicDuration,Agent1_1_SA_DynamicDuration,Ego_Speed
0.29451197164739024,0.0,0.0,5.0,0.5,40.0
0.030311105866408682,0.0,0.0,5.0,0.5,40.0
0.38543149096087564,0.0,0.0,5.0,0.5,40.0
0.29451197164739024,10.0,0.0,5.0,0.5,40.0
0.030311105866408682,10.0,0.0,5.0,0.5,40.0
0.38543149096087564,10.0,0.0,5.0,0.5,40.0
0.29451197164739024,20.0,0.0,5.0,0.5,40.0
0.030311105866408682,20.0,0.0,5.0,0.5,40.0
0.38543149096087564,20.0,0.0,5.0,0.5,40.0
