min_ttc,Agent1_S,Agent1_1_SA_EndSpeed,Agent1_1_TA_DynamicDuration,Agent1_1_SA_DynamicDuration,Ego_Speed
0.3051692260770324,0.0,0.0,5.0,0.5,40.0
0.08137280277379114,0.0,0.0,5.0,0.5,40.0
0.17384216490731857,0.0,0.0,5.0,0.5,40.0
0.3051692260770324,10.0,0.0,5.0,0.5,40.0
0.08137280277379114,10.0,0.0,5.0,0.5,40.0
0.17384216490731857,10.0,0.0,5.0,0.5,40.0
0.3051692260770324,20.0,0.0,5.0,0.5,40.0
0.08137280277379114,20.0,0.0,5.0,0.5,40.0
0.17384216490731857,20.0,0.0,5.0,0.5,40.0
