min_ttc,Agent1_S,Agent1_1_SA_EndSpeed,Agent1_1_TA_DynamicDuration,Agent1_1_SA_DynamicDuration,Ego_Speed
0.4052331255045392,0.0,0.0,5.0,0.5,40.0
0.40703209235957516,0.0,0.0,5.0,0.5,40.0
0.48911951737692405,0.0,0.0,5.0,0.5,40.0
0.19301327621478226,10.0,0.0,5.0,0.5,40.0
0.7524037374912793,10.0,0.0,5.0,0.5,40.0
0.1283785342012534,10.0,0.0,5.0,0.5,40.0
0.19396058462117813,20.0,0.0,5.0,0.5,40.0
0.160351134495875,20.0,0.0,5.0,0.5,40.0
0.772896010394364,20.0,0.0,5.0,0.5,40.0
