min_ttc,Agent1_S,Agent1_1_SA_EndSpeed,Agent1_1_TA_DynamicDuration,Agent1_1_SA_DynamicDuration,Ego_Speed
0.45199479988343794,0.0,0.0,5.0,0.5,40.0
0.1473968452494064,0.0,0.0,5.0,0.5,40.0
0.3174093592745338,0.0,0.0,5.0,0.5,40.0
0.45199479988343794,10.0,0.0,5.0,0.5,40.0
0.1473968452494064,10.0,0.0,5.0,0.5,40.0
0.3174093592745338,10.0,0.0,5.0,0.5,40.0
0.45199479988343794,20.0,0.0,5.0,0.5,40.0
0.1473968452494064,20.0,0.0,5.0,0.5,40.0
0.3174093592745338,20.0,0.0,5.0,0.5,40.0
