min_ttc,Agent1_S,Agent1_1_SA_EndSpeed,Agent1_1_TA_DynamicDuration,Agent1_1_SA_DynamicDuration,Ego_Speed
0.3424053345332819,0.0,0.0,5.0,0.5,40.0
0.3553113129040321,0.0,0.0,5.0,0.5,40.0
0.4995716688474847,0.0,0.0,5.0,0.5,40.0
0.22238024245015434,10.0,0.0,5.0,0.5,40.0
0.8530098198735077,10.0,0.0,5.0,0.5,40.0
0.08333648509165416,10.0,0.0,5.0,0.5,40.0
0.1258442221667326,20.0,0.0,5.0,0.5,40.0
0.16313923687175927,20.0,0.0,5.0,0.5,40.0
0.08319557452398921,20.0,0.0,5.0,0.5,40.0
