min_ttc,Agent1_S,Agent1_1_SA_EndSpeed,Agent1_1_TA_DynamicDuration,Agent1_1_SA_DynamicDuration,Ego_Speed
1.0891645267196761,0.0,0.0,5.0,0.5,40.0
0.8732742265186735,0.0,0.0,5.0,0.5,40.0
0.3440363382316636,0.0,0.0,5.0,0.5,40.0
0.32370786329925905,10.0,0.0,5.0,0.5,40.0
0.9896900267899342,10.0,0.0,5.0,0.5,40.0
1.8402781180128602,10.0,0.0,5.0,0.5,40.0
0.06413449800804245,20.0,0.0,5.0,0.5,40.0
0.052683783372416956,20.0,0.0,5.0,0.5,40.0
0.041745208510067036,20.0,0.0,5.0,0.5,40.0
