min_ttc,Agent1_S,Agent1_1_SA_EndSpeed,Agent1_1_TA_DynamicDuration,Agent1_1_SA_DynamicDuration,Ego_Speed
1.877253674667616,0.0,0.0,5.0,0.5,40.0
0.4587627227126996,0.0,0.0,5.0,0.5,40.0
2.897246029828525,0.0,0.0,5.0,0.5,40.0
0.027336476912563846,10.0,0.0,5.0,0.5,40.0
0.22554839660889697,10.0,0.0,5.0,0.5,40.0
0.17223094696712582,10.0,0.0,5.0,0.5,40.0
0.25917246044309,20.0,0.0,5.0,0.5,40.0
0.2163554257002881,20.0,0.0,5.0,0.5,40.0
0.16418954585976758,20.0,0.0,5.0,0.5,40.0
