min_ttc,Agent1_S,Agent1_1_SA_EndSpeed,Agent1_1_TA_DynamicDuration,Agent1_1_SA_DynamicDuration,Ego_Speed
0.459936352116067,0.0,0.0,5.0,0.5,40.0
0.191430340166993,0.0,0.0,5.0,0.5,40.0
0.16691624581557807,0.0,0.0,5.0,0.5,40.0
0.459936352116067,10.0,0.0,5.0,0.5,40.0
0.191430340166993,10.0,0.0,5.0,0.5,40.0
0.16691624581557807,10.0,0.0,5.0,0.5,40.0
0.459936352116067,20.0,0.0,5.0,0.5,40.0
0.191430340166993,20.0,0.0,5.0,0.5,40.0
0.16691624581557807,20.0,0.0,5.0,0.5,40.0
