min_ttc,Agent1_S,Agent1_Speed,Agent1_1_SA_EndSpeed,Agent1_1_TA_DynamicDuration,Agent1_1_SA_DynamicDuration,Ego_Speed
0.46978515296787854,45.0,0.0,40.0,5.0,2.0,40.0
0.46978515296787854,45.0,0.0,40.0,5.0,4.0,40.0
0.46978515296787854,45.0,0.0,50.0,5.0,2.0,40.0
