min_ttc,Agent1_S,Agent1_Speed,Agent1_1_SA_EndSpeed,Agent1_1_TA_DynamicDuration,Agent1_1_SA_DynamicDuration,Ego_Speed
0.07337634120686694,15.0,40.0,0.0,5.0,0.5,40.0
0.5341448949801397,15.0,50.0,0.0,5.0,0.5,40.0
1.3747946135726679,15.0,60.0,0.0,5.0,0.5,40.0
