min_ttc,Agent1_S,Agent1_Speed,Agent1_1_SA_EndSpeed,Agent1_1_TA_DynamicDuration,Agent1_1_SA_DynamicDuration,Ego_Speed
1.1290207748502608,10.0,40.0,40.0,5.0,5.0,40.0
1.1546221141242743,10.0,40.0,50.0,5.0,5.0,40.0
1.1720194037065252,10.0,40.0,60.0,5.0,5.0,40.0
1.4285550098818445,10.0,50.0,40.0,5.0,5.0,40.0
1.4260670643365598,10.0,50.0,50.0,5.0,5.0,40.0
1.422503165975846,10.0,50.0,60.0,5.0,5.0,40.0
1.5351859469685118,10.0,60.0,40.0,5.0,5.0,40.0
1.5302620692024262,10.0,60.0,50.0,5.0,5.0,40.0
1.5253794276834785,10.0,60.0,60.0,5.0,5.0,40.0
