min_ttc,Agent1_S,Agent1_Speed,Agent1_1_SA_EndSpeed,Agent1_1_TA_DynamicDuration,Agent1_1_SA_DynamicDuration,Ego_Speed
0.15470703257112978,10.0,40.0,0.0,5.0,2.0,40.0
0.8034304978755074,10.0,40.0,0.0,5.0,4.0,40.0
0.598844531763393,10.0,50.0,0.0,5.0,2.0,40.0
1.3672517514281826,10.0,50.0,0.0,5.0,4.0,40.0
1.092519649797467,10.0,60.0,0.0,5.0,2.0,40.0
1.5550343096458958,10.0,60.0,0.0,5.0,4.0,40.0
