min_ttc,Agent1_S,Agent1_Speed,Agent1_1_SA_EndSpeed,Agent1_1_TA_DynamicDuration,Agent1_1_SA_DynamicDuration,Ego_Speed
0.24043074885804377,15.0,40.0,0.0,5.0,0.5,40.0
0.18781345487845785,15.0,50.0,0.0,5.0,0.5,40.0
0.1368721849790483,15.0,60.0,0.0,5.0,0.5,40.0
