min_ttc,Agent1_S,Agent1_Speed,Agent1_1_SA_EndSpeed,Agent1_1_TA_DynamicDuration,Agent1_1_SA_DynamicDuration,Ego_Speed
0.14998695947139498,15.0,40.0,0.0,5.0,0.5,40.0
0.4634147692110472,15.0,50.0,0.0,5.0,0.5,40.0
1.301471703631333,15.0,60.0,0.0,5.0,0.5,40.0
