min_ttc,Agent1_S,Agent1_Speed,Agent1_1_SA_EndSpeed,Agent1_1_TA_DynamicDuration,Agent1_1_SA_DynamicDuration,Ego_Speed
0.061412576560535705,10.0,40.0,0.0,5.0,0.5,40.0
0.7024031024863743,10.0,50.0,0.0,5.0,0.5,40.0
1.5354402720698441,10.0,60.0,0.0,5.0,0.5,40.0
