min_ttc,Agent1_S,Agent1_Speed,Agent1_1_SA_EndSpeed,Agent1_1_TA_DynamicDuration,Agent1_1_SA_DynamicDuration,Ego_Speed
0.28578174764055486,10.0,40.0,0.0,5.0,0.5,40.0
0.29492176426249445,10.0,50.0,0.0,5.0,0.5,40.0
0.21881480837972284,10.0,60.0,0.0,5.0,0.5,40.0
