min_ttc,Agent1_S,Agent1_Speed,Agent1_1_SA_EndSpeed,Agent1_1_TA_DynamicDuration,Agent1_1_SA_DynamicDuration,Ego_Speed
0.41441076263207377,10.0,40.0,0.0,5.0,0.5,40.0
0.054168080230963006,10.0,50.0,0.0,5.0,0.5,40.0
0.006722533764242584,10.0,60.0,0.0,5.0,0.5,40.0
