min_ttc,Agent1_S,Agent1_Speed,Agent1_1_SA_EndSpeed,Agent1_1_TA_DynamicDuration,Agent1_1_SA_DynamicDuration,Ego_Speed
0.43318063281613456,15.0,40.0,0.0,5.0,2.0,40.0
1.210227577886518,15.0,40.0,0.0,5.0,4.0,40.0
0.8025227648699593,15.0,50.0,0.0,5.0,2.0,40.0
1.5063560701620204,15.0,50.0,0.0,5.0,4.0,40.0
1.2602716516181345,15.0,60.0,0.0,5.0,2.0,40.0
1.5063560701620204,15.0,60.0,0.0,5.0,4.0,40.0
