min_ttc,Agent1_S,Agent1_Speed,Agent1_1_SA_EndSpeed,Agent1_1_TA_DynamicDuration,Agent1_1_SA_DynamicDuration,Ego_Speed
0.3599912700021898,15.0,40.0,0.0,5.0,0.5,40.0
0.8989850710782422,15.0,50.0,0.0,5.0,0.5,40.0
1.5063560701620204,15.0,60.0,0.0,5.0,0.5,40.0
