min_ttc,Agent1_S,Agent1_Speed,Agent1_1_SA_EndSpeed,Agent1_1_TA_DynamicDuration,Agent1_1_SA_DynamicDuration,Ego_Speed
0.1317154420005532,15.0,40.0,0.0,5.0,0.5,40.0
0.7087549322320192,15.0,50.0,0.0,5.0,0.5,40.0
1.5057196949163163,15.0,60.0,0.0,5.0,0.5,40.0
