min_ttc,Agent1_S,Agent1_Speed,Agent1_1_SA_EndSpeed,Agent1_1_TA_DynamicDuration,Agent1_1_SA_DynamicDuration,Ego_Speed
0.28271338382606387,65.0,40.0,0.0,5.0,0.5,40.0
0.25688180546995526,65.0,50.0,0.0,5.0,0.5,40.0
0.23234758281709023,65.0,60.0,0.0,5.0,0.5,40.0
