min_ttc,Agent1_S,Agent1_Speed,Agent1_1_SA_EndSpeed,Agent1_1_TA_DynamicDuration,Agent1_1_SA_DynamicDuration,Ego_Speed
0.10395593946222852,15.0,40.0,0.0,5.0,2.0,40.0
0.019273806376187346,15.0,40.0,0.0,5.0,4.0,40.0
0.3936484896683364,15.0,50.0,0.0,5.0,2.0,40.0
1.2907398919824717,15.0,50.0,0.0,5.0,4.0,40.0
0.8299185405875537,15.0,60.0,0.0,5.0,2.0,40.0
1.521691393966653,15.0,60.0,0.0,5.0,4.0,40.0
