min_ttc,Agent1_S,Agent1_Speed,Agent1_1_SA_EndSpeed,Agent1_1_TA_DynamicDuration,Agent1_1_SA_DynamicDuration,Ego_Speed
0.20502347500083576,15.0,40.0,0.0,5.0,2.0,40.0
0.9791388765578755,15.0,40.0,0.0,5.0,4.0,40.0
0.6000665508054112,15.0,50.0,0.0,5.0,2.0,40.0
1.521691393966653,15.0,50.0,0.0,5.0,4.0,40.0
1.048481127656424,15.0,60.0,0.0,5.0,2.0,40.0
1.521691393966653,15.0,60.0,0.0,5.0,4.0,40.0
