min_ttc,Agent1_S,Agent1_Speed,Agent1_1_SA_EndSpeed,Agent1_1_TA_DynamicDuration,Agent1_1_SA_DynamicDuration,Ego_Speed
0.0641563514945981,65.0,40.0,0.0,5.0,0.5,40.0
0.052808061742156104,65.0,50.0,0.0,5.0,0.5,40.0
0.04149227763093808,65.0,60.0,0.0,5.0,0.5,40.0
