min_ttc,Agent1_S,Agent1_Speed,Agent1_1_SA_EndSpeed,Agent1_1_TA_DynamicDuration,Agent1_1_SA_DynamicDuration,Ego_Speed
0.5768380005870372,10.0,40.0,0.0,5.0,0.5,40.0
0.40716752627800334,10.0,50.0,0.0,5.0,0.5,40.0
0.4167057251835689,10.0,60.0,0.0,5.0,0.5,40.0
