min_ttc,Agent1_S,Agent1_Speed,Agent1_1_SA_EndSpeed,Agent1_1_TA_DynamicDuration,Agent1_1_SA_DynamicDuration,Ego_Speed
0.027864069441586353,15.0,40.0,0.0,5.0,0.5,40.0
0.6177619748973802,15.0,50.0,0.0,5.0,0.5,40.0
1.4128328963719188,15.0,60.0,0.0,5.0,0.5,40.0
