min_ttc,Agent1_S,Agent1_Speed,Agent1_1_SA_EndSpeed,Agent1_1_TA_DynamicDuration,Agent1_1_SA_DynamicDuration,Ego_Speed
0.08196651993150766,15.0,40.0,0.0,5.0,0.5,40.0
0.197944101053171,15.0,50.0,0.0,5.0,0.5,40.0
0.14271523483044157,15.0,60.0,0.0,5.0,0.5,40.0
