min_ttc,Agent1_S,Agent1_Speed,Agent1_1_SA_EndSpeed,Agent1_1_TA_DynamicDuration,Agent1_1_SA_DynamicDuration,Ego_Speed
0.0826937471607646,65.0,40.0,0.0,5.0,0.5,40.0
0.06701965140860995,65.0,50.0,0.0,5.0,0.5,40.0
0.05433523448967279,65.0,60.0,0.0,5.0,0.5,40.0
