min_ttc,Agent1_S,Agent1_Speed,Agent1_1_SA_EndSpeed,Agent1_1_TA_DynamicDuration,Agent1_1_SA_DynamicDuration,Ego_Speed
0.05695382356584835,65.0,40.0,0.0,5.0,2.0,40.0
0.016301206116210155,65.0,40.0,0.0,5.0,4.0,40.0
0.05378956832384419,65.0,50.0,0.0,5.0,2.0,40.0
0.0024080272428344935,65.0,50.0,0.0,5.0,4.0,40.0
0.056631970071090616,65.0,60.0,0.0,5.0,2.0,40.0
0.016093561698639014,65.0,60.0,0.0,5.0,4.0,40.0
