min_ttc,Agent1_S,Agent1_Speed,Agent1_1_SA_EndSpeed,Agent1_1_TA_DynamicDuration,Agent1_1_SA_DynamicDuration,Ego_Speed
1.564058723643038,65.0,40.0,40.0,5.0,5.0,40.0
1.564058723643038,65.0,40.0,50.0,5.0,5.0,40.0
1.564058723643038,65.0,40.0,60.0,5.0,5.0,40.0
1.564058723643038,65.0,50.0,40.0,5.0,5.0,40.0
0.026306453748277815,65.0,50.0,50.0,5.0,5.0,40.0
1.564058723643038,65.0,50.0,60.0,5.0,5.0,40.0
0.03836732502761589,65.0,60.0,40.0,5.0,5.0,40.0
0.04322785485170033,65.0,60.0,50.0,5.0,5.0,40.0
0.04607383629745964,65.0,60.0,60.0,5.0,5.0,40.0
