min_ttc,Agent1_S,Agent1_Speed,Agent1_1_SA_EndSpeed,Agent1_1_TA_DynamicDuration,Agent1_1_SA_DynamicDuration,Ego_Speed
0.15264620715822208,65.0,40.0,0.0,5.0,0.5,40.0
0.15024748754163791,65.0,50.0,0.0,5.0,0.5,40.0
0.14610090382475796,65.0,60.0,0.0,5.0,0.5,40.0
