min_ttc,Agent1_S,Agent1_Speed,Agent1_1_SA_EndSpeed,Agent1_1_TA_DynamicDuration,Agent1_1_SA_DynamicDuration,Ego_Speed
0.07031859779272993,65.0,40.0,0.0,5.0,2.0,40.0
0.01991592306768325,65.0,40.0,0.0,5.0,4.0,40.0
0.06969104788203853,65.0,50.0,0.0,5.0,2.0,40.0
1.696236849730114e-05,65.0,50.0,0.0,5.0,4.0,40.0
0.07253960173668543,65.0,60.0,0.0,5.0,2.0,40.0
0.01814641356282138,65.0,60.0,0.0,5.0,4.0,40.0
