min_ttc,Agent1_S,Agent1_Speed,Agent1_1_SA_EndSpeed,Agent1_1_TA_DynamicDuration,Agent1_1_SA_DynamicDuration,Ego_Speed
0.15323413732449553,15.0,40.0,0.0,5.0,0.5,40.0
0.19514372734488808,15.0,50.0,0.0,5.0,0.5,40.0
0.14138757166713622,15.0,60.0,0.0,5.0,0.5,40.0
