min_ttc,Agent1_S,Agent1_Speed,Agent1_1_SA_EndSpeed,Agent1_1_TA_DynamicDuration,Agent1_1_SA_DynamicDuration,Ego_Speed
0.23918898392281196,15.0,40.0,0.0,5.0,0.5,40.0
0.22760092924366568,15.0,50.0,0.0,5.0,0.5,40.0
0.21583949288671378,15.0,60.0,0.0,5.0,0.5,40.0
