min_ttc,Agent1_S,Agent1_Speed,Agent1_1_SA_EndSpeed,Agent1_1_TA_DynamicDuration,Agent1_1_SA_DynamicDuration,Ego_Speed
0.2601993285945809,65.0,40.0,0.0,5.0,2.0,40.0
0.1665384489697608,65.0,40.0,0.0,5.0,4.0,40.0
0.259321673578622,65.0,50.0,0.0,5.0,2.0,40.0
0.1311034954563072,65.0,50.0,0.0,5.0,4.0,40.0
0.259356819941636,65.0,60.0,0.0,5.0,2.0,40.0
0.11983785631275656,65.0,60.0,0.0,5.0,4.0,40.0
