min_ttc,Agent1_S,Agent1_Speed,Agent1_1_SA_EndSpeed,Agent1_1_TA_DynamicDuration,Agent1_1_SA_DynamicDuration,Ego_Speed
0.1319374362198484,15.0,40.0,40.0,5.0,5.0,40.0
0.12865667936856548,15.0,40.0,50.0,5.0,5.0,40.0
0.12486474797695614,15.0,40.0,60.0,5.0,5.0,40.0
0.12555401714025777,15.0,50.0,40.0,5.0,5.0,40.0
0.12296642835040536,15.0,50.0,50.0,5.0,5.0,40.0
0.12173691479930139,15.0,50.0,60.0,5.0,5.0,40.0
0.1172328073056069,15.0,60.0,40.0,5.0,5.0,40.0
0.11627525397591361,15.0,60.0,50.0,5.0,5.0,40.0
0.11386692402075053,15.0,60.0,60.0,5.0,5.0,40.0
