min_ttc,Agent1_S,Agent1_Speed,Agent1_1_SA_EndSpeed,Agent1_1_TA_DynamicDuration,Agent1_1_SA_DynamicDuration,Ego_Speed
0.11905236309616564,15.0,40.0,0.0,5.0,0.5,40.0
0.6958817188534157,15.0,50.0,0.0,5.0,0.5,40.0
1.4964012393687307,15.0,60.0,0.0,5.0,0.5,40.0
