min_ttc,Agent1_S,Agent1_Speed,Agent1_1_SA_EndSpeed,Agent1_1_TA_DynamicDuration,Agent1_1_SA_DynamicDuration,Ego_Speed
0.45500083942786956,10.0,40.0,0.0,5.0,0.5,40.0
0.10727788093362847,10.0,50.0,0.0,5.0,0.5,40.0
0.20043882193316284,10.0,60.0,0.0,5.0,0.5,40.0
