min_ttc,Agent1_S,Agent1_Speed,Agent1_1_SA_EndSpeed,Agent1_1_TA_DynamicDuration,Agent1_1_SA_DynamicDuration,Ego_Speed
1.4065809813392514,15.0,40.0,40.0,5.0,5.0,40.0
1.4650631835241272,15.0,40.0,50.0,5.0,5.0,40.0
1.506824618434732,15.0,40.0,60.0,5.0,5.0,40.0
0.07107164389694491,15.0,50.0,40.0,5.0,5.0,40.0
1.521691393966653,15.0,50.0,50.0,5.0,5.0,40.0
0.3506784474805473,15.0,50.0,60.0,5.0,5.0,40.0
0.45036084062712073,15.0,60.0,40.0,5.0,5.0,40.0
1.521691393966653,15.0,60.0,50.0,5.0,5.0,40.0
0.06568429930502741,15.0,60.0,60.0,5.0,5.0,40.0
