min_ttc,Agent1_S,Agent1_Speed,Agent1_1_SA_EndSpeed,Agent1_1_TA_DynamicDuration,Agent1_1_SA_DynamicDuration,Ego_Speed
0.2155957845772832,65.0,40.0,0.0,5.0,0.5,40.0
0.18020027959150725,65.0,50.0,0.0,5.0,0.5,40.0
0.1431653841089835,65.0,60.0,0.0,5.0,0.5,40.0
