min_ttc,Agent1_S,Agent1_Speed,Agent1_1_SA_EndSpeed,Agent1_1_TA_DynamicDuration,Agent1_1_SA_DynamicDuration,Ego_Speed
0.056806402151639096,15.0,40.0,0.0,5.0,2.0,40.0
0.01781335351580379,15.0,40.0,0.0,5.0,4.0,40.0
0.0538194672324293,15.0,50.0,0.0,5.0,2.0,40.0
1.3920728177945783,15.0,50.0,0.0,5.0,4.0,40.0
0.057095590665454395,15.0,60.0,0.0,5.0,2.0,40.0
0.03295671327937114,15.0,60.0,0.0,5.0,4.0,40.0
