min_ttc,Agent1_S,Agent1_Speed,Agent1_1_SA_EndSpeed,Agent1_1_TA_DynamicDuration,Agent1_1_SA_DynamicDuration,Ego_Speed
0.5215696507044332,10.0,40.0,0.0,5.0,2.0,40.0
0.4068010318970135,10.0,40.0,0.0,5.0,4.0,40.0
0.40894182537506996,10.0,50.0,0.0,5.0,2.0,40.0
0.5415067298986355,10.0,50.0,0.0,5.0,4.0,40.0
0.4070693969689028,10.0,60.0,0.0,5.0,2.0,40.0
1.2050077937177834,10.0,60.0,0.0,5.0,4.0,40.0
