min_ttc,Agent1_S,Agent1_Speed,Agent1_1_SA_EndSpeed,Agent1_1_TA_DynamicDuration,Agent1_1_SA_DynamicDuration,Ego_Speed
0.19405334705869687,15.0,40.0,0.0,5.0,0.5,40.0
0.1935161957345711,15.0,50.0,0.0,5.0,0.5,40.0
0.13880477800490496,15.0,60.0,0.0,5.0,0.5,40.0
