min_ttc,Agent1_S,Agent1_Speed,Agent1_1_SA_EndSpeed,Agent1_1_TA_DynamicDuration,Agent1_1_SA_DynamicDuration,Ego_Speed
0.02990937731904598,15.0,40.0,0.0,5.0,2.0,40.0
0.6960645715687396,15.0,40.0,0.0,5.0,4.0,40.0
0.32916823320789745,15.0,50.0,0.0,5.0,2.0,40.0
0.13500758676155913,15.0,50.0,0.0,5.0,4.0,40.0
0.17911425151786536,15.0,60.0,0.0,5.0,2.0,40.0
0.13889509757319385,15.0,60.0,0.0,5.0,4.0,40.0
