min_ttc,Agent1_S,Agent1_Speed,Agent1_1_SA_EndSpeed,Agent1_1_TA_DynamicDuration,Agent1_1_SA_DynamicDuration,Ego_Speed
0.28033471106732255,15.0,40.0,0.0,5.0,2.0,40.0
1.0596138112221505,15.0,40.0,0.0,5.0,4.0,40.0
0.6670618834455342,15.0,50.0,0.0,5.0,2.0,40.0
1.5057777400411885,15.0,50.0,0.0,5.0,4.0,40.0
1.1178683305092363,15.0,60.0,0.0,5.0,2.0,40.0
1.5057777400411885,15.0,60.0,0.0,5.0,4.0,40.0
