min_ttc,Agent1_S,Agent1_Speed,Agent1_1_SA_EndSpeed,Agent1_1_TA_DynamicDuration,Agent1_1_SA_DynamicDuration,Ego_Speed
0.1258327360213367,15.0,40.0,0.0,5.0,0.5,40.0
0.10214508610365224,15.0,50.0,0.0,5.0,0.5,40.0
0.0833209609028256,15.0,60.0,0.0,5.0,0.5,40.0
