min_ttc,Agent1_S,Agent1_Speed,Agent1_1_SA_EndSpeed,Agent1_1_TA_DynamicDuration,Agent1_1_SA_DynamicDuration,Ego_Speed
0.11867510617586839,15.0,40.0,0.0,5.0,2.0,40.0
0.8815148182969716,15.0,40.0,0.0,5.0,4.0,40.0
0.5210911798505432,15.0,50.0,0.0,5.0,2.0,40.0
1.546949439608351,15.0,50.0,0.0,5.0,4.0,40.0
0.9685153627983586,15.0,60.0,0.0,5.0,2.0,40.0
1.550126891918512,15.0,60.0,0.0,5.0,4.0,40.0
