min_ttc,Agent1_S,Agent1_Speed,Agent1_1_SA_EndSpeed,Agent1_1_TA_DynamicDuration,Agent1_1_SA_DynamicDuration,Ego_Speed
0.4223334912123098,30.0,40.0,0.0,5.0,2.0,40.0
0.4223334912123098,30.0,40.0,0.0,5.0,4.0,40.0
0.22498839007365462,30.0,50.0,0.0,5.0,2.0,40.0
0.1797240193775233,30.0,50.0,0.0,5.0,4.0,40.0
0.16113775278583384,30.0,60.0,0.0,5.0,2.0,40.0
0.4223334912123098,30.0,60.0,0.0,5.0,4.0,40.0
