min_ttc,Agent1_S,Agent1_Speed,Agent1_1_SA_EndSpeed,Agent1_1_TA_DynamicDuration,Agent1_1_SA_DynamicDuration,Ego_Speed
0.3903414155391464,30.0,40.0,0.0,5.0,0.5,40.0
0.1736637135230138,30.0,50.0,0.0,5.0,0.5,40.0
0.1267362847019035,30.0,60.0,0.0,5.0,0.5,40.0
