min_ttc,Agent1_S,Agent1_Speed,Agent1_1_SA_EndSpeed,Agent1_1_TA_DynamicDuration,Agent1_1_SA_DynamicDuration,Ego_Speed
0.3254707776142001,50.0,40.0,0.0,5.0,0.5,40.0
0.13046870363425947,50.0,50.0,0.0,5.0,0.5,40.0
0.09703551716442632,50.0,60.0,0.0,5.0,0.5,40.0
