min_ttc,Agent1_S,Agent1_Speed,Agent1_1_SA_EndSpeed,Agent1_1_TA_DynamicDuration,Agent1_1_SA_DynamicDuration,Ego_Speed
0.2999891912620897,30.0,40.0,0.0,5.0,2.0,40.0
0.2999891912620897,30.0,40.0,0.0,5.0,4.0,40.0
0.14413198957589624,30.0,50.0,0.0,5.0,2.0,40.0
0.2420273391503777,30.0,50.0,0.0,5.0,4.0,40.0
0.10538334816956176,30.0,60.0,0.0,5.0,2.0,40.0
0.0056993707026382215,30.0,60.0,0.0,5.0,4.0,40.0
