min_ttc,Agent1_S,Agent1_Speed,Agent1_1_SA_EndSpeed,Agent1_1_TA_DynamicDuration,Agent1_1_SA_DynamicDuration,Ego_Speed
0.20612494136375498,50.0,40.0,0.0,5.0,0.5,40.0
0.07407946004008191,50.0,50.0,0.0,5.0,0.5,40.0
0.05212634972189323,50.0,60.0,0.0,5.0,0.5,40.0
