min_ttc,Agent1_S,Agent1_Speed,Agent1_1_SA_EndSpeed,Agent1_1_TA_DynamicDuration,Agent1_1_SA_DynamicDuration,Ego_Speed
0.3368412760087393,50.0,40.0,0.0,5.0,2.0,40.0
0.3368412760087393,50.0,40.0,0.0,5.0,4.0,40.0
0.16572177263698565,50.0,50.0,0.0,5.0,2.0,40.0
0.08774109306108512,50.0,50.0,0.0,5.0,4.0,40.0
0.12237922590449024,50.0,60.0,0.0,5.0,2.0,40.0
0.004435110207296774,50.0,60.0,0.0,5.0,4.0,40.0
