min_ttc,Agent1_S,Agent1_Speed,Agent1_1_SA_EndSpeed,Agent1_1_TA_DynamicDuration,Agent1_1_SA_DynamicDuration,Ego_Speed
0.2999891912620897,30.0,40.0,0.0,5.0,2.0,40.0
0.2999891912620897,30.0,40.0,0.0,5.0,4.0,40.0
0.23513338370930947,30.0,50.0,0.0,5.0,2.0,40.0
0.10567095491939256,30.0,50.0,0.0,5.0,4.0,40.0
0.18515770449579894,30.0,60.0,0.0,5.0,2.0,40.0
0.15378044607530045,30.0,60.0,0.0,5.0,4.0,40.0
